Wavelength	Transmittance	hex_color	Manufacturer	Name	Filter Number
300	64.433	#f7eea9	Tangsinuo	QB3	QB3
301	65.886	#f7eea9	Tangsinuo	QB3	QB3
302	67.274	#f7eea9	Tangsinuo	QB3	QB3
303	68.545	#f7eea9	Tangsinuo	QB3	QB3
304	69.725	#f7eea9	Tangsinuo	QB3	QB3
305	71.179	#f7eea9	Tangsinuo	QB3	QB3
306	72.274	#f7eea9	Tangsinuo	QB3	QB3
307	73.564	#f7eea9	Tangsinuo	QB3	QB3
308	74.837	#f7eea9	Tangsinuo	QB3	QB3
309	75.771	#f7eea9	Tangsinuo	QB3	QB3
310	76.706	#f7eea9	Tangsinuo	QB3	QB3
311	77.727	#f7eea9	Tangsinuo	QB3	QB3
312	78.705	#f7eea9	Tangsinuo	QB3	QB3
313	79.64	#f7eea9	Tangsinuo	QB3	QB3
314	80.559	#f7eea9	Tangsinuo	QB3	QB3
315	81.234	#f7eea9	Tangsinuo	QB3	QB3
316	81.909	#f7eea9	Tangsinuo	QB3	QB3
317	82.499	#f7eea9	Tangsinuo	QB3	QB3
318	83.019	#f7eea9	Tangsinuo	QB3	QB3
319	83.543	#f7eea9	Tangsinuo	QB3	QB3
320	84.27	#f7eea9	Tangsinuo	QB3	QB3
321	84.758	#f7eea9	Tangsinuo	QB3	QB3
322	85.173	#f7eea9	Tangsinuo	QB3	QB3
323	85.546	#f7eea9	Tangsinuo	QB3	QB3
324	85.795	#f7eea9	Tangsinuo	QB3	QB3
325	86.045	#f7eea9	Tangsinuo	QB3	QB3
326	86.294	#f7eea9	Tangsinuo	QB3	QB3
327	86.543	#f7eea9	Tangsinuo	QB3	QB3
328	86.792	#f7eea9	Tangsinuo	QB3	QB3
329	87.041	#f7eea9	Tangsinuo	QB3	QB3
330	87.291	#f7eea9	Tangsinuo	QB3	QB3
331	87.54	#f7eea9	Tangsinuo	QB3	QB3
332	87.789	#f7eea9	Tangsinuo	QB3	QB3
333	88.038	#f7eea9	Tangsinuo	QB3	QB3
334	88.287	#f7eea9	Tangsinuo	QB3	QB3
335	88.537	#f7eea9	Tangsinuo	QB3	QB3
336	88.651	#f7eea9	Tangsinuo	QB3	QB3
337	88.699	#f7eea9	Tangsinuo	QB3	QB3
338	88.747	#f7eea9	Tangsinuo	QB3	QB3
339	88.796	#f7eea9	Tangsinuo	QB3	QB3
340	88.844	#f7eea9	Tangsinuo	QB3	QB3
341	88.893	#f7eea9	Tangsinuo	QB3	QB3
342	88.941	#f7eea9	Tangsinuo	QB3	QB3
343	88.99	#f7eea9	Tangsinuo	QB3	QB3
344	89.038	#f7eea9	Tangsinuo	QB3	QB3
345	89.087	#f7eea9	Tangsinuo	QB3	QB3
346	89.135	#f7eea9	Tangsinuo	QB3	QB3
347	89.184	#f7eea9	Tangsinuo	QB3	QB3
348	89.234	#f7eea9	Tangsinuo	QB3	QB3
349	89.303	#f7eea9	Tangsinuo	QB3	QB3
350	89.372	#f7eea9	Tangsinuo	QB3	QB3
351	89.428	#f7eea9	Tangsinuo	QB3	QB3
352	89.474	#f7eea9	Tangsinuo	QB3	QB3
353	89.521	#f7eea9	Tangsinuo	QB3	QB3
354	89.567	#f7eea9	Tangsinuo	QB3	QB3
355	89.613	#f7eea9	Tangsinuo	QB3	QB3
356	89.659	#f7eea9	Tangsinuo	QB3	QB3
357	89.663	#f7eea9	Tangsinuo	QB3	QB3
358	89.663	#f7eea9	Tangsinuo	QB3	QB3
359	89.663	#f7eea9	Tangsinuo	QB3	QB3
360	89.663	#f7eea9	Tangsinuo	QB3	QB3
361	89.663	#f7eea9	Tangsinuo	QB3	QB3
362	89.663	#f7eea9	Tangsinuo	QB3	QB3
363	89.663	#f7eea9	Tangsinuo	QB3	QB3
364	89.663	#f7eea9	Tangsinuo	QB3	QB3
365	89.663	#f7eea9	Tangsinuo	QB3	QB3
366	89.623	#f7eea9	Tangsinuo	QB3	QB3
367	89.54	#f7eea9	Tangsinuo	QB3	QB3
368	89.456	#f7eea9	Tangsinuo	QB3	QB3
369	89.373	#f7eea9	Tangsinuo	QB3	QB3
370	89.29	#f7eea9	Tangsinuo	QB3	QB3
371	89.207	#f7eea9	Tangsinuo	QB3	QB3
372	89.127	#f7eea9	Tangsinuo	QB3	QB3
373	89.058	#f7eea9	Tangsinuo	QB3	QB3
374	88.988	#f7eea9	Tangsinuo	QB3	QB3
375	88.919	#f7eea9	Tangsinuo	QB3	QB3
376	88.854	#f7eea9	Tangsinuo	QB3	QB3
377	88.795	#f7eea9	Tangsinuo	QB3	QB3
378	88.736	#f7eea9	Tangsinuo	QB3	QB3
379	88.676	#f7eea9	Tangsinuo	QB3	QB3
380	88.616	#f7eea9	Tangsinuo	QB3	QB3
381	88.507	#f7eea9	Tangsinuo	QB3	QB3
382	88.397	#f7eea9	Tangsinuo	QB3	QB3
383	88.288	#f7eea9	Tangsinuo	QB3	QB3
384	88.179	#f7eea9	Tangsinuo	QB3	QB3
385	88.069	#f7eea9	Tangsinuo	QB3	QB3
386	87.96	#f7eea9	Tangsinuo	QB3	QB3
387	87.851	#f7eea9	Tangsinuo	QB3	QB3
388	87.742	#f7eea9	Tangsinuo	QB3	QB3
389	87.632	#f7eea9	Tangsinuo	QB3	QB3
390	87.523	#f7eea9	Tangsinuo	QB3	QB3
391	87.414	#f7eea9	Tangsinuo	QB3	QB3
392	87.291	#f7eea9	Tangsinuo	QB3	QB3
393	86.985	#f7eea9	Tangsinuo	QB3	QB3
394	86.679	#f7eea9	Tangsinuo	QB3	QB3
395	86.373	#f7eea9	Tangsinuo	QB3	QB3
396	86.067	#f7eea9	Tangsinuo	QB3	QB3
397	85.761	#f7eea9	Tangsinuo	QB3	QB3
398	85.455	#f7eea9	Tangsinuo	QB3	QB3
399	85.149	#f7eea9	Tangsinuo	QB3	QB3
400	84.843	#f7eea9	Tangsinuo	QB3	QB3
401	84.537	#f7eea9	Tangsinuo	QB3	QB3
402	84.231	#f7eea9	Tangsinuo	QB3	QB3
403	83.925	#f7eea9	Tangsinuo	QB3	QB3
404	83.614	#f7eea9	Tangsinuo	QB3	QB3
405	83.268	#f7eea9	Tangsinuo	QB3	QB3
406	82.922	#f7eea9	Tangsinuo	QB3	QB3
407	82.575	#f7eea9	Tangsinuo	QB3	QB3
408	82.206	#f7eea9	Tangsinuo	QB3	QB3
409	81.79	#f7eea9	Tangsinuo	QB3	QB3
410	81.375	#f7eea9	Tangsinuo	QB3	QB3
411	80.96	#f7eea9	Tangsinuo	QB3	QB3
412	80.544	#f7eea9	Tangsinuo	QB3	QB3
413	80.042	#f7eea9	Tangsinuo	QB3	QB3
414	79.534	#f7eea9	Tangsinuo	QB3	QB3
415	79.027	#f7eea9	Tangsinuo	QB3	QB3
416	78.519	#f7eea9	Tangsinuo	QB3	QB3
417	78.011	#f7eea9	Tangsinuo	QB3	QB3
418	77.491	#f7eea9	Tangsinuo	QB3	QB3
419	76.937	#f7eea9	Tangsinuo	QB3	QB3
420	76.397	#f7eea9	Tangsinuo	QB3	QB3
421	75.878	#f7eea9	Tangsinuo	QB3	QB3
422	75.359	#f7eea9	Tangsinuo	QB3	QB3
423	74.657	#f7eea9	Tangsinuo	QB3	QB3
424	74.059	#f7eea9	Tangsinuo	QB3	QB3
425	73.427	#f7eea9	Tangsinuo	QB3	QB3
426	72.618	#f7eea9	Tangsinuo	QB3	QB3
427	71.995	#f7eea9	Tangsinuo	QB3	QB3
428	71.284	#f7eea9	Tangsinuo	QB3	QB3
429	70.374	#f7eea9	Tangsinuo	QB3	QB3
430	69.336	#f7eea9	Tangsinuo	QB3	QB3
431	68.305	#f7eea9	Tangsinuo	QB3	QB3
432	67.37	#f7eea9	Tangsinuo	QB3	QB3
433	66.69	#f7eea9	Tangsinuo	QB3	QB3
434	66.009	#f7eea9	Tangsinuo	QB3	QB3
435	65.282	#f7eea9	Tangsinuo	QB3	QB3
436	64.555	#f7eea9	Tangsinuo	QB3	QB3
437	63.828	#f7eea9	Tangsinuo	QB3	QB3
438	63.02	#f7eea9	Tangsinuo	QB3	QB3
439	62.298	#f7eea9	Tangsinuo	QB3	QB3
440	61.62	#f7eea9	Tangsinuo	QB3	QB3
441	60.79	#f7eea9	Tangsinuo	QB3	QB3
442	60.063	#f7eea9	Tangsinuo	QB3	QB3
443	59.18	#f7eea9	Tangsinuo	QB3	QB3
444	58.169	#f7eea9	Tangsinuo	QB3	QB3
445	57.079	#f7eea9	Tangsinuo	QB3	QB3
446	55.989	#f7eea9	Tangsinuo	QB3	QB3
447	54.746	#f7eea9	Tangsinuo	QB3	QB3
448	53.874	#f7eea9	Tangsinuo	QB3	QB3
449	52.859	#f7eea9	Tangsinuo	QB3	QB3
450	51.594	#f7eea9	Tangsinuo	QB3	QB3
451	50.659	#f7eea9	Tangsinuo	QB3	QB3
452	49.725	#f7eea9	Tangsinuo	QB3	QB3
453	48.505	#f7eea9	Tangsinuo	QB3	QB3
454	47.244	#f7eea9	Tangsinuo	QB3	QB3
455	46.138	#f7eea9	Tangsinuo	QB3	QB3
456	45.203	#f7eea9	Tangsinuo	QB3	QB3
457	44.079	#f7eea9	Tangsinuo	QB3	QB3
458	42.732	#f7eea9	Tangsinuo	QB3	QB3
459	41.278	#f7eea9	Tangsinuo	QB3	QB3
460	39.825	#f7eea9	Tangsinuo	QB3	QB3
461	38.371	#f7eea9	Tangsinuo	QB3	QB3
462	37.101	#f7eea9	Tangsinuo	QB3	QB3
463	35.595	#f7eea9	Tangsinuo	QB3	QB3
464	34.086	#f7eea9	Tangsinuo	QB3	QB3
465	32.818	#f7eea9	Tangsinuo	QB3	QB3
466	31.364	#f7eea9	Tangsinuo	QB3	QB3
467	29.733	#f7eea9	Tangsinuo	QB3	QB3
468	28.38	#f7eea9	Tangsinuo	QB3	QB3
469	27.099	#f7eea9	Tangsinuo	QB3	QB3
470	25.557	#f7eea9	Tangsinuo	QB3	QB3
471	24.207	#f7eea9	Tangsinuo	QB3	QB3
472	22.857	#f7eea9	Tangsinuo	QB3	QB3
473	21.333	#f7eea9	Tangsinuo	QB3	QB3
474	19.671	#f7eea9	Tangsinuo	QB3	QB3
475	18.024	#f7eea9	Tangsinuo	QB3	QB3
476	16.674	#f7eea9	Tangsinuo	QB3	QB3
477	15.652	#f7eea9	Tangsinuo	QB3	QB3
478	14.607	#f7eea9	Tangsinuo	QB3	QB3
479	13.521	#f7eea9	Tangsinuo	QB3	QB3
480	12.588	#f7eea9	Tangsinuo	QB3	QB3
481	11.758	#f7eea9	Tangsinuo	QB3	QB3
482	10.849	#f7eea9	Tangsinuo	QB3	QB3
483	10.017	#f7eea9	Tangsinuo	QB3	QB3
484	9.241	#f7eea9	Tangsinuo	QB3	QB3
485	8.306	#f7eea9	Tangsinuo	QB3	QB3
486	7.78	#f7eea9	Tangsinuo	QB3	QB3
487	7.185	#f7eea9	Tangsinuo	QB3	QB3
488	6.562	#f7eea9	Tangsinuo	QB3	QB3
489	5.939	#f7eea9	Tangsinuo	QB3	QB3
490	5.316	#f7eea9	Tangsinuo	QB3	QB3
491	4.891	#f7eea9	Tangsinuo	QB3	QB3
492	4.475	#f7eea9	Tangsinuo	QB3	QB3
493	4.06	#f7eea9	Tangsinuo	QB3	QB3
494	3.804	#f7eea9	Tangsinuo	QB3	QB3
495	3.587	#f7eea9	Tangsinuo	QB3	QB3
496	3.369	#f7eea9	Tangsinuo	QB3	QB3
497	3.151	#f7eea9	Tangsinuo	QB3	QB3
498	2.934	#f7eea9	Tangsinuo	QB3	QB3
499	2.716	#f7eea9	Tangsinuo	QB3	QB3
500	2.499	#f7eea9	Tangsinuo	QB3	QB3
501	2.281	#f7eea9	Tangsinuo	QB3	QB3
502	2.064	#f7eea9	Tangsinuo	QB3	QB3
503	1.846	#f7eea9	Tangsinuo	QB3	QB3
504	1.629	#f7eea9	Tangsinuo	QB3	QB3
505	1.411	#f7eea9	Tangsinuo	QB3	QB3
506	1.193	#f7eea9	Tangsinuo	QB3	QB3
507	1.056	#f7eea9	Tangsinuo	QB3	QB3
508	0.973	#f7eea9	Tangsinuo	QB3	QB3
509	0.89	#f7eea9	Tangsinuo	QB3	QB3
510	0.807	#f7eea9	Tangsinuo	QB3	QB3
511	0.724	#f7eea9	Tangsinuo	QB3	QB3
512	0.641	#f7eea9	Tangsinuo	QB3	QB3
513	0.569	#f7eea9	Tangsinuo	QB3	QB3
514	0.523	#f7eea9	Tangsinuo	QB3	QB3
515	0.477	#f7eea9	Tangsinuo	QB3	QB3
516	0.431	#f7eea9	Tangsinuo	QB3	QB3
517	0.385	#f7eea9	Tangsinuo	QB3	QB3
518	0.339	#f7eea9	Tangsinuo	QB3	QB3
519	0.322	#f7eea9	Tangsinuo	QB3	QB3
520	0.322	#f7eea9	Tangsinuo	QB3	QB3
521	0.322	#f7eea9	Tangsinuo	QB3	QB3
522	0.322	#f7eea9	Tangsinuo	QB3	QB3
523	0.322	#f7eea9	Tangsinuo	QB3	QB3
524	0.322	#f7eea9	Tangsinuo	QB3	QB3
525	0.322	#f7eea9	Tangsinuo	QB3	QB3
526	0.322	#f7eea9	Tangsinuo	QB3	QB3
527	0.322	#f7eea9	Tangsinuo	QB3	QB3
528	0.322	#f7eea9	Tangsinuo	QB3	QB3
529	0.322	#f7eea9	Tangsinuo	QB3	QB3
530	0.322	#f7eea9	Tangsinuo	QB3	QB3
531	0.322	#f7eea9	Tangsinuo	QB3	QB3
532	0.322	#f7eea9	Tangsinuo	QB3	QB3
533	0.322	#f7eea9	Tangsinuo	QB3	QB3
534	0.322	#f7eea9	Tangsinuo	QB3	QB3
535	0.322	#f7eea9	Tangsinuo	QB3	QB3
536	0.322	#f7eea9	Tangsinuo	QB3	QB3
537	0.322	#f7eea9	Tangsinuo	QB3	QB3
538	0.322	#f7eea9	Tangsinuo	QB3	QB3
539	0.322	#f7eea9	Tangsinuo	QB3	QB3
540	0.322	#f7eea9	Tangsinuo	QB3	QB3
541	0.322	#f7eea9	Tangsinuo	QB3	QB3
542	0.322	#f7eea9	Tangsinuo	QB3	QB3
543	0.322	#f7eea9	Tangsinuo	QB3	QB3
544	0.322	#f7eea9	Tangsinuo	QB3	QB3
545	0.322	#f7eea9	Tangsinuo	QB3	QB3
546	0.322	#f7eea9	Tangsinuo	QB3	QB3
547	0.322	#f7eea9	Tangsinuo	QB3	QB3
548	0.322	#f7eea9	Tangsinuo	QB3	QB3
549	0.322	#f7eea9	Tangsinuo	QB3	QB3
550	0.322	#f7eea9	Tangsinuo	QB3	QB3
551	0.322	#f7eea9	Tangsinuo	QB3	QB3
552	0.322	#f7eea9	Tangsinuo	QB3	QB3
553	0.322	#f7eea9	Tangsinuo	QB3	QB3
554	0.322	#f7eea9	Tangsinuo	QB3	QB3
555	0.322	#f7eea9	Tangsinuo	QB3	QB3
556	0.322	#f7eea9	Tangsinuo	QB3	QB3
557	0.322	#f7eea9	Tangsinuo	QB3	QB3
558	0.322	#f7eea9	Tangsinuo	QB3	QB3
559	0.322	#f7eea9	Tangsinuo	QB3	QB3
560	0.322	#f7eea9	Tangsinuo	QB3	QB3
561	0.322	#f7eea9	Tangsinuo	QB3	QB3
562	0.322	#f7eea9	Tangsinuo	QB3	QB3
563	0.322	#f7eea9	Tangsinuo	QB3	QB3
564	0.322	#f7eea9	Tangsinuo	QB3	QB3
565	0.322	#f7eea9	Tangsinuo	QB3	QB3
566	0.322	#f7eea9	Tangsinuo	QB3	QB3
567	0.322	#f7eea9	Tangsinuo	QB3	QB3
568	0.322	#f7eea9	Tangsinuo	QB3	QB3
569	0.322	#f7eea9	Tangsinuo	QB3	QB3
570	0.322	#f7eea9	Tangsinuo	QB3	QB3
571	0.322	#f7eea9	Tangsinuo	QB3	QB3
572	0.322	#f7eea9	Tangsinuo	QB3	QB3
573	0.322	#f7eea9	Tangsinuo	QB3	QB3
574	0.322	#f7eea9	Tangsinuo	QB3	QB3
575	0.322	#f7eea9	Tangsinuo	QB3	QB3
576	0.322	#f7eea9	Tangsinuo	QB3	QB3
577	0.322	#f7eea9	Tangsinuo	QB3	QB3
578	0.322	#f7eea9	Tangsinuo	QB3	QB3
579	0.322	#f7eea9	Tangsinuo	QB3	QB3
580	0.322	#f7eea9	Tangsinuo	QB3	QB3
581	0.322	#f7eea9	Tangsinuo	QB3	QB3
582	0.322	#f7eea9	Tangsinuo	QB3	QB3
583	0.322	#f7eea9	Tangsinuo	QB3	QB3
584	0.322	#f7eea9	Tangsinuo	QB3	QB3
585	0.322	#f7eea9	Tangsinuo	QB3	QB3
586	0.322	#f7eea9	Tangsinuo	QB3	QB3
587	0.322	#f7eea9	Tangsinuo	QB3	QB3
588	0.322	#f7eea9	Tangsinuo	QB3	QB3
589	0.322	#f7eea9	Tangsinuo	QB3	QB3
590	0.322	#f7eea9	Tangsinuo	QB3	QB3
591	0.322	#f7eea9	Tangsinuo	QB3	QB3
592	0.322	#f7eea9	Tangsinuo	QB3	QB3
593	0.322	#f7eea9	Tangsinuo	QB3	QB3
594	0.322	#f7eea9	Tangsinuo	QB3	QB3
595	0.322	#f7eea9	Tangsinuo	QB3	QB3
596	0.322	#f7eea9	Tangsinuo	QB3	QB3
597	0.322	#f7eea9	Tangsinuo	QB3	QB3
598	0.322	#f7eea9	Tangsinuo	QB3	QB3
599	0.322	#f7eea9	Tangsinuo	QB3	QB3
600	0.322	#f7eea9	Tangsinuo	QB3	QB3
601	0.322	#f7eea9	Tangsinuo	QB3	QB3
602	0.322	#f7eea9	Tangsinuo	QB3	QB3
603	0.322	#f7eea9	Tangsinuo	QB3	QB3
604	0.322	#f7eea9	Tangsinuo	QB3	QB3
605	0.322	#f7eea9	Tangsinuo	QB3	QB3
606	0.322	#f7eea9	Tangsinuo	QB3	QB3
607	0.322	#f7eea9	Tangsinuo	QB3	QB3
608	0.322	#f7eea9	Tangsinuo	QB3	QB3
609	0.322	#f7eea9	Tangsinuo	QB3	QB3
610	0.322	#f7eea9	Tangsinuo	QB3	QB3
611	0.322	#f7eea9	Tangsinuo	QB3	QB3
612	0.322	#f7eea9	Tangsinuo	QB3	QB3
613	0.322	#f7eea9	Tangsinuo	QB3	QB3
614	0.322	#f7eea9	Tangsinuo	QB3	QB3
615	0.322	#f7eea9	Tangsinuo	QB3	QB3
616	0.322	#f7eea9	Tangsinuo	QB3	QB3
617	0.322	#f7eea9	Tangsinuo	QB3	QB3
618	0.322	#f7eea9	Tangsinuo	QB3	QB3
619	0.322	#f7eea9	Tangsinuo	QB3	QB3
620	0.322	#f7eea9	Tangsinuo	QB3	QB3
621	0.322	#f7eea9	Tangsinuo	QB3	QB3
622	0.322	#f7eea9	Tangsinuo	QB3	QB3
623	0.322	#f7eea9	Tangsinuo	QB3	QB3
624	0.322	#f7eea9	Tangsinuo	QB3	QB3
625	0.322	#f7eea9	Tangsinuo	QB3	QB3
626	0.322	#f7eea9	Tangsinuo	QB3	QB3
627	0.322	#f7eea9	Tangsinuo	QB3	QB3
628	0.322	#f7eea9	Tangsinuo	QB3	QB3
629	0.322	#f7eea9	Tangsinuo	QB3	QB3
630	0.322	#f7eea9	Tangsinuo	QB3	QB3
631	0.322	#f7eea9	Tangsinuo	QB3	QB3
632	0.322	#f7eea9	Tangsinuo	QB3	QB3
633	0.322	#f7eea9	Tangsinuo	QB3	QB3
634	0.322	#f7eea9	Tangsinuo	QB3	QB3
635	0.322	#f7eea9	Tangsinuo	QB3	QB3
636	0.322	#f7eea9	Tangsinuo	QB3	QB3
637	0.322	#f7eea9	Tangsinuo	QB3	QB3
638	0.322	#f7eea9	Tangsinuo	QB3	QB3
639	0.322	#f7eea9	Tangsinuo	QB3	QB3
640	0.322	#f7eea9	Tangsinuo	QB3	QB3
641	0.322	#f7eea9	Tangsinuo	QB3	QB3
642	0.322	#f7eea9	Tangsinuo	QB3	QB3
643	0.322	#f7eea9	Tangsinuo	QB3	QB3
644	0.322	#f7eea9	Tangsinuo	QB3	QB3
645	0.322	#f7eea9	Tangsinuo	QB3	QB3
646	0.322	#f7eea9	Tangsinuo	QB3	QB3
647	0.322	#f7eea9	Tangsinuo	QB3	QB3
648	0.322	#f7eea9	Tangsinuo	QB3	QB3
649	0.322	#f7eea9	Tangsinuo	QB3	QB3
650	0.322	#f7eea9	Tangsinuo	QB3	QB3
651	0.322	#f7eea9	Tangsinuo	QB3	QB3
652	0.322	#f7eea9	Tangsinuo	QB3	QB3
653	0.322	#f7eea9	Tangsinuo	QB3	QB3
654	0.322	#f7eea9	Tangsinuo	QB3	QB3
655	0.322	#f7eea9	Tangsinuo	QB3	QB3
656	0.322	#f7eea9	Tangsinuo	QB3	QB3
657	0.322	#f7eea9	Tangsinuo	QB3	QB3
658	0.322	#f7eea9	Tangsinuo	QB3	QB3
659	0.322	#f7eea9	Tangsinuo	QB3	QB3
660	0.322	#f7eea9	Tangsinuo	QB3	QB3
661	0.322	#f7eea9	Tangsinuo	QB3	QB3
662	0.322	#f7eea9	Tangsinuo	QB3	QB3
663	0.322	#f7eea9	Tangsinuo	QB3	QB3
664	0.322	#f7eea9	Tangsinuo	QB3	QB3
665	0.322	#f7eea9	Tangsinuo	QB3	QB3
666	0.322	#f7eea9	Tangsinuo	QB3	QB3
667	0.322	#f7eea9	Tangsinuo	QB3	QB3
668	0.322	#f7eea9	Tangsinuo	QB3	QB3
669	0.322	#f7eea9	Tangsinuo	QB3	QB3
670	0.322	#f7eea9	Tangsinuo	QB3	QB3
671	0.322	#f7eea9	Tangsinuo	QB3	QB3
672	0.322	#f7eea9	Tangsinuo	QB3	QB3
673	0.322	#f7eea9	Tangsinuo	QB3	QB3
674	0.322	#f7eea9	Tangsinuo	QB3	QB3
675	0.329	#f7eea9	Tangsinuo	QB3	QB3
676	0.507	#f7eea9	Tangsinuo	QB3	QB3
677	0.685	#f7eea9	Tangsinuo	QB3	QB3
678	0.863	#f7eea9	Tangsinuo	QB3	QB3
679	1.041	#f7eea9	Tangsinuo	QB3	QB3
680	1.219	#f7eea9	Tangsinuo	QB3	QB3
681	1.397	#f7eea9	Tangsinuo	QB3	QB3
682	1.575	#f7eea9	Tangsinuo	QB3	QB3
683	1.753	#f7eea9	Tangsinuo	QB3	QB3
684	2.01	#f7eea9	Tangsinuo	QB3	QB3
685	2.53	#f7eea9	Tangsinuo	QB3	QB3
686	3.049	#f7eea9	Tangsinuo	QB3	QB3
687	3.717	#f7eea9	Tangsinuo	QB3	QB3
688	4.491	#f7eea9	Tangsinuo	QB3	QB3
689	5.322	#f7eea9	Tangsinuo	QB3	QB3
690	6.153	#f7eea9	Tangsinuo	QB3	QB3
691	7.473	#f7eea9	Tangsinuo	QB3	QB3
692	8.823	#f7eea9	Tangsinuo	QB3	QB3
693	10.461	#f7eea9	Tangsinuo	QB3	QB3
694	12.486	#f7eea9	Tangsinuo	QB3	QB3
695	14.51	#f7eea9	Tangsinuo	QB3	QB3
696	16.582	#f7eea9	Tangsinuo	QB3	QB3
697	18.345	#f7eea9	Tangsinuo	QB3	QB3
698	20.572	#f7eea9	Tangsinuo	QB3	QB3
699	22.461	#f7eea9	Tangsinuo	QB3	QB3
700	25.784	#f7eea9	Tangsinuo	QB3	QB3
701	27.331	#f7eea9	Tangsinuo	QB3	QB3
702	30.081	#f7eea9	Tangsinuo	QB3	QB3
703	31.892	#f7eea9	Tangsinuo	QB3	QB3
704	34.949	#f7eea9	Tangsinuo	QB3	QB3
705	37.545	#f7eea9	Tangsinuo	QB3	QB3
706	40.368	#f7eea9	Tangsinuo	QB3	QB3
707	42.774	#f7eea9	Tangsinuo	QB3	QB3
708	46.096	#f7eea9	Tangsinuo	QB3	QB3
709	48.574	#f7eea9	Tangsinuo	QB3	QB3
710	51.066	#f7eea9	Tangsinuo	QB3	QB3
711	53.558	#f7eea9	Tangsinuo	QB3	QB3
712	55.121	#f7eea9	Tangsinuo	QB3	QB3
713	57.571	#f7eea9	Tangsinuo	QB3	QB3
714	59.475	#f7eea9	Tangsinuo	QB3	QB3
715	62.175	#f7eea9	Tangsinuo	QB3	QB3
716	63.602	#f7eea9	Tangsinuo	QB3	QB3
717	65.569	#f7eea9	Tangsinuo	QB3	QB3
718	66.869	#f7eea9	Tangsinuo	QB3	QB3
719	69.04	#f7eea9	Tangsinuo	QB3	QB3
720	70.39	#f7eea9	Tangsinuo	QB3	QB3
721	71.897	#f7eea9	Tangsinuo	QB3	QB3
722	73.428	#f7eea9	Tangsinuo	QB3	QB3
723	74.934	#f7eea9	Tangsinuo	QB3	QB3
724	76.44	#f7eea9	Tangsinuo	QB3	QB3
725	77.488	#f7eea9	Tangsinuo	QB3	QB3
726	78.451	#f7eea9	Tangsinuo	QB3	QB3
727	79.482	#f7eea9	Tangsinuo	QB3	QB3
728	80.517	#f7eea9	Tangsinuo	QB3	QB3
729	81.14	#f7eea9	Tangsinuo	QB3	QB3
730	82.058	#f7eea9	Tangsinuo	QB3	QB3
731	82.778	#f7eea9	Tangsinuo	QB3	QB3
732	83.356	#f7eea9	Tangsinuo	QB3	QB3
733	83.912	#f7eea9	Tangsinuo	QB3	QB3
734	84.638	#f7eea9	Tangsinuo	QB3	QB3
735	85.27	#f7eea9	Tangsinuo	QB3	QB3
736	85.706	#f7eea9	Tangsinuo	QB3	QB3
737	86.045	#f7eea9	Tangsinuo	QB3	QB3
738	86.384	#f7eea9	Tangsinuo	QB3	QB3
739	86.723	#f7eea9	Tangsinuo	QB3	QB3
740	87.061	#f7eea9	Tangsinuo	QB3	QB3
741	87.4	#f7eea9	Tangsinuo	QB3	QB3
742	87.739	#f7eea9	Tangsinuo	QB3	QB3
743	88.078	#f7eea9	Tangsinuo	QB3	QB3
744	88.417	#f7eea9	Tangsinuo	QB3	QB3
745	88.756	#f7eea9	Tangsinuo	QB3	QB3
746	89.094	#f7eea9	Tangsinuo	QB3	QB3
747	89.433	#f7eea9	Tangsinuo	QB3	QB3
748	89.626	#f7eea9	Tangsinuo	QB3	QB3
749	89.758	#f7eea9	Tangsinuo	QB3	QB3
750	89.89	#f7eea9	Tangsinuo	QB3	QB3
751	90.022	#f7eea9	Tangsinuo	QB3	QB3
752	90.154	#f7eea9	Tangsinuo	QB3	QB3
753	90.287	#f7eea9	Tangsinuo	QB3	QB3
754	90.419	#f7eea9	Tangsinuo	QB3	QB3
755	90.512	#f7eea9	Tangsinuo	QB3	QB3
756	90.595	#f7eea9	Tangsinuo	QB3	QB3
757	90.678	#f7eea9	Tangsinuo	QB3	QB3
758	90.761	#f7eea9	Tangsinuo	QB3	QB3
759	90.844	#f7eea9	Tangsinuo	QB3	QB3
760	90.927	#f7eea9	Tangsinuo	QB3	QB3
761	90.983	#f7eea9	Tangsinuo	QB3	QB3
762	91.011	#f7eea9	Tangsinuo	QB3	QB3
763	91.038	#f7eea9	Tangsinuo	QB3	QB3
764	91.066	#f7eea9	Tangsinuo	QB3	QB3
765	91.094	#f7eea9	Tangsinuo	QB3	QB3
766	91.121	#f7eea9	Tangsinuo	QB3	QB3
767	91.149	#f7eea9	Tangsinuo	QB3	QB3
768	91.177	#f7eea9	Tangsinuo	QB3	QB3
769	91.204	#f7eea9	Tangsinuo	QB3	QB3
770	91.232	#f7eea9	Tangsinuo	QB3	QB3
771	91.26	#f7eea9	Tangsinuo	QB3	QB3
772	91.287	#f7eea9	Tangsinuo	QB3	QB3
773	91.315	#f7eea9	Tangsinuo	QB3	QB3
774	91.343	#f7eea9	Tangsinuo	QB3	QB3
775	91.37	#f7eea9	Tangsinuo	QB3	QB3
776	91.398	#f7eea9	Tangsinuo	QB3	QB3
777	91.426	#f7eea9	Tangsinuo	QB3	QB3
778	91.454	#f7eea9	Tangsinuo	QB3	QB3
779	91.481	#f7eea9	Tangsinuo	QB3	QB3
780	91.491	#f7eea9	Tangsinuo	QB3	QB3
781	91.491	#f7eea9	Tangsinuo	QB3	QB3
782	91.491	#f7eea9	Tangsinuo	QB3	QB3
783	91.491	#f7eea9	Tangsinuo	QB3	QB3
784	91.491	#f7eea9	Tangsinuo	QB3	QB3
785	91.491	#f7eea9	Tangsinuo	QB3	QB3
786	91.491	#f7eea9	Tangsinuo	QB3	QB3
787	91.491	#f7eea9	Tangsinuo	QB3	QB3
788	91.491	#f7eea9	Tangsinuo	QB3	QB3
789	91.491	#f7eea9	Tangsinuo	QB3	QB3
790	91.491	#f7eea9	Tangsinuo	QB3	QB3
791	91.491	#f7eea9	Tangsinuo	QB3	QB3
792	91.491	#f7eea9	Tangsinuo	QB3	QB3
793	91.491	#f7eea9	Tangsinuo	QB3	QB3
794	91.557	#f7eea9	Tangsinuo	QB3	QB3
795	91.64	#f7eea9	Tangsinuo	QB3	QB3
796	91.724	#f7eea9	Tangsinuo	QB3	QB3
797	91.807	#f7eea9	Tangsinuo	QB3	QB3
798	91.89	#f7eea9	Tangsinuo	QB3	QB3
799	91.973	#f7eea9	Tangsinuo	QB3	QB3
800	92.014	#f7eea9	Tangsinuo	QB3	QB3
801	92.014	#f7eea9	Tangsinuo	QB3	QB3
802	92.014	#f7eea9	Tangsinuo	QB3	QB3
803	92.014	#f7eea9	Tangsinuo	QB3	QB3
804	92.014	#f7eea9	Tangsinuo	QB3	QB3
805	92.014	#f7eea9	Tangsinuo	QB3	QB3
806	92.014	#f7eea9	Tangsinuo	QB3	QB3
807	92.014	#f7eea9	Tangsinuo	QB3	QB3
808	92.014	#f7eea9	Tangsinuo	QB3	QB3
809	92.014	#f7eea9	Tangsinuo	QB3	QB3
810	92.014	#f7eea9	Tangsinuo	QB3	QB3
811	92.014	#f7eea9	Tangsinuo	QB3	QB3
812	92.014	#f7eea9	Tangsinuo	QB3	QB3
813	92.014	#f7eea9	Tangsinuo	QB3	QB3
814	92.012	#f7eea9	Tangsinuo	QB3	QB3
815	91.975	#f7eea9	Tangsinuo	QB3	QB3
816	91.937	#f7eea9	Tangsinuo	QB3	QB3
817	91.899	#f7eea9	Tangsinuo	QB3	QB3
818	91.861	#f7eea9	Tangsinuo	QB3	QB3
819	91.824	#f7eea9	Tangsinuo	QB3	QB3
820	91.786	#f7eea9	Tangsinuo	QB3	QB3
821	91.753	#f7eea9	Tangsinuo	QB3	QB3
822	91.753	#f7eea9	Tangsinuo	QB3	QB3
823	91.753	#f7eea9	Tangsinuo	QB3	QB3
824	91.721	#f7eea9	Tangsinuo	QB3	QB3
825	91.669	#f7eea9	Tangsinuo	QB3	QB3
826	91.617	#f7eea9	Tangsinuo	QB3	QB3
827	91.566	#f7eea9	Tangsinuo	QB3	QB3
828	91.514	#f7eea9	Tangsinuo	QB3	QB3
829	91.491	#f7eea9	Tangsinuo	QB3	QB3
830	91.491	#f7eea9	Tangsinuo	QB3	QB3
831	91.49	#f7eea9	Tangsinuo	QB3	QB3
832	91.456	#f7eea9	Tangsinuo	QB3	QB3
833	91.423	#f7eea9	Tangsinuo	QB3	QB3
834	91.39	#f7eea9	Tangsinuo	QB3	QB3
835	91.357	#f7eea9	Tangsinuo	QB3	QB3
836	91.323	#f7eea9	Tangsinuo	QB3	QB3
837	91.29	#f7eea9	Tangsinuo	QB3	QB3
838	91.257	#f7eea9	Tangsinuo	QB3	QB3
839	91.224	#f7eea9	Tangsinuo	QB3	QB3
840	91.191	#f7eea9	Tangsinuo	QB3	QB3
841	91.157	#f7eea9	Tangsinuo	QB3	QB3
842	91.124	#f7eea9	Tangsinuo	QB3	QB3
843	91.091	#f7eea9	Tangsinuo	QB3	QB3
844	91.058	#f7eea9	Tangsinuo	QB3	QB3
845	91.024	#f7eea9	Tangsinuo	QB3	QB3
846	90.991	#f7eea9	Tangsinuo	QB3	QB3
847	90.946	#f7eea9	Tangsinuo	QB3	QB3
848	90.877	#f7eea9	Tangsinuo	QB3	QB3
849	90.807	#f7eea9	Tangsinuo	QB3	QB3
850	90.738	#f7eea9	Tangsinuo	QB3	QB3
851	90.685	#f7eea9	Tangsinuo	QB3	QB3
852	90.643	#f7eea9	Tangsinuo	QB3	QB3
853	90.601	#f7eea9	Tangsinuo	QB3	QB3
854	90.56	#f7eea9	Tangsinuo	QB3	QB3
855	90.518	#f7eea9	Tangsinuo	QB3	QB3
856	90.477	#f7eea9	Tangsinuo	QB3	QB3
857	90.433	#f7eea9	Tangsinuo	QB3	QB3
858	90.381	#f7eea9	Tangsinuo	QB3	QB3
859	90.329	#f7eea9	Tangsinuo	QB3	QB3
860	90.277	#f7eea9	Tangsinuo	QB3	QB3
861	90.225	#f7eea9	Tangsinuo	QB3	QB3
862	90.173	#f7eea9	Tangsinuo	QB3	QB3
863	90.121	#f7eea9	Tangsinuo	QB3	QB3
864	90.069	#f7eea9	Tangsinuo	QB3	QB3
865	90.017	#f7eea9	Tangsinuo	QB3	QB3
866	89.965	#f7eea9	Tangsinuo	QB3	QB3
867	89.915	#f7eea9	Tangsinuo	QB3	QB3
868	89.868	#f7eea9	Tangsinuo	QB3	QB3
869	89.822	#f7eea9	Tangsinuo	QB3	QB3
870	89.776	#f7eea9	Tangsinuo	QB3	QB3
871	89.73	#f7eea9	Tangsinuo	QB3	QB3
872	89.684	#f7eea9	Tangsinuo	QB3	QB3
873	89.625	#f7eea9	Tangsinuo	QB3	QB3
874	89.556	#f7eea9	Tangsinuo	QB3	QB3
875	89.487	#f7eea9	Tangsinuo	QB3	QB3
876	89.417	#f7eea9	Tangsinuo	QB3	QB3
877	89.366	#f7eea9	Tangsinuo	QB3	QB3
878	89.32	#f7eea9	Tangsinuo	QB3	QB3
879	89.274	#f7eea9	Tangsinuo	QB3	QB3
880	89.228	#f7eea9	Tangsinuo	QB3	QB3
881	89.181	#f7eea9	Tangsinuo	QB3	QB3
882	89.136	#f7eea9	Tangsinuo	QB3	QB3
883	89.098	#f7eea9	Tangsinuo	QB3	QB3
884	89.061	#f7eea9	Tangsinuo	QB3	QB3
885	89.023	#f7eea9	Tangsinuo	QB3	QB3
886	88.985	#f7eea9	Tangsinuo	QB3	QB3
887	88.947	#f7eea9	Tangsinuo	QB3	QB3
888	88.91	#f7eea9	Tangsinuo	QB3	QB3
889	88.869	#f7eea9	Tangsinuo	QB3	QB3
890	88.817	#f7eea9	Tangsinuo	QB3	QB3
891	88.765	#f7eea9	Tangsinuo	QB3	QB3
892	88.713	#f7eea9	Tangsinuo	QB3	QB3
893	88.661	#f7eea9	Tangsinuo	QB3	QB3
894	88.613	#f7eea9	Tangsinuo	QB3	QB3
895	88.581	#f7eea9	Tangsinuo	QB3	QB3
896	88.549	#f7eea9	Tangsinuo	QB3	QB3
897	88.517	#f7eea9	Tangsinuo	QB3	QB3
898	88.485	#f7eea9	Tangsinuo	QB3	QB3
899	88.453	#f7eea9	Tangsinuo	QB3	QB3
900	88.421	#f7eea9	Tangsinuo	QB3	QB3
901	88.389	#f7eea9	Tangsinuo	QB3	QB3
902	88.357	#f7eea9	Tangsinuo	QB3	QB3
903	88.325	#f7eea9	Tangsinuo	QB3	QB3
904	88.293	#f7eea9	Tangsinuo	QB3	QB3
905	88.261	#f7eea9	Tangsinuo	QB3	QB3
906	88.229	#f7eea9	Tangsinuo	QB3	QB3
907	88.197	#f7eea9	Tangsinuo	QB3	QB3
908	88.165	#f7eea9	Tangsinuo	QB3	QB3
909	88.134	#f7eea9	Tangsinuo	QB3	QB3
910	88.102	#f7eea9	Tangsinuo	QB3	QB3
911	88.062	#f7eea9	Tangsinuo	QB3	QB3
912	88.02	#f7eea9	Tangsinuo	QB3	QB3
913	87.979	#f7eea9	Tangsinuo	QB3	QB3
914	87.937	#f7eea9	Tangsinuo	QB3	QB3
915	87.896	#f7eea9	Tangsinuo	QB3	QB3
916	87.854	#f7eea9	Tangsinuo	QB3	QB3
917	87.807	#f7eea9	Tangsinuo	QB3	QB3
918	87.755	#f7eea9	Tangsinuo	QB3	QB3
919	87.703	#f7eea9	Tangsinuo	QB3	QB3
920	87.652	#f7eea9	Tangsinuo	QB3	QB3
921	87.6	#f7eea9	Tangsinuo	QB3	QB3
922	87.548	#f7eea9	Tangsinuo	QB3	QB3
923	87.496	#f7eea9	Tangsinuo	QB3	QB3
924	87.444	#f7eea9	Tangsinuo	QB3	QB3
925	87.392	#f7eea9	Tangsinuo	QB3	QB3
926	87.34	#f7eea9	Tangsinuo	QB3	QB3
927	87.288	#f7eea9	Tangsinuo	QB3	QB3
928	87.236	#f7eea9	Tangsinuo	QB3	QB3
929	87.184	#f7eea9	Tangsinuo	QB3	QB3
930	87.149	#f7eea9	Tangsinuo	QB3	QB3
931	87.114	#f7eea9	Tangsinuo	QB3	QB3
932	87.079	#f7eea9	Tangsinuo	QB3	QB3
933	87.039	#f7eea9	Tangsinuo	QB3	QB3
934	86.97	#f7eea9	Tangsinuo	QB3	QB3
935	86.901	#f7eea9	Tangsinuo	QB3	QB3
936	86.831	#f7eea9	Tangsinuo	QB3	QB3
937	86.762	#f7eea9	Tangsinuo	QB3	QB3
938	86.693	#f7eea9	Tangsinuo	QB3	QB3
939	86.624	#f7eea9	Tangsinuo	QB3	QB3
940	86.554	#f7eea9	Tangsinuo	QB3	QB3
941	86.485	#f7eea9	Tangsinuo	QB3	QB3
942	86.416	#f7eea9	Tangsinuo	QB3	QB3
943	86.347	#f7eea9	Tangsinuo	QB3	QB3
944	86.278	#f7eea9	Tangsinuo	QB3	QB3
945	86.275	#f7eea9	Tangsinuo	QB3	QB3
946	86.284	#f7eea9	Tangsinuo	QB3	QB3
947	86.294	#f7eea9	Tangsinuo	QB3	QB3
948	86.303	#f7eea9	Tangsinuo	QB3	QB3
949	86.313	#f7eea9	Tangsinuo	QB3	QB3
950	86.322	#f7eea9	Tangsinuo	QB3	QB3
951	86.331	#f7eea9	Tangsinuo	QB3	QB3
952	86.341	#f7eea9	Tangsinuo	QB3	QB3
953	86.35	#f7eea9	Tangsinuo	QB3	QB3
954	86.36	#f7eea9	Tangsinuo	QB3	QB3
955	86.369	#f7eea9	Tangsinuo	QB3	QB3
956	86.379	#f7eea9	Tangsinuo	QB3	QB3
957	86.388	#f7eea9	Tangsinuo	QB3	QB3
958	86.396	#f7eea9	Tangsinuo	QB3	QB3
959	86.251	#f7eea9	Tangsinuo	QB3	QB3
960	86.106	#f7eea9	Tangsinuo	QB3	QB3
961	85.96	#f7eea9	Tangsinuo	QB3	QB3
962	85.815	#f7eea9	Tangsinuo	QB3	QB3
963	85.669	#f7eea9	Tangsinuo	QB3	QB3
964	85.524	#f7eea9	Tangsinuo	QB3	QB3
965	85.384	#f7eea9	Tangsinuo	QB3	QB3
966	85.245	#f7eea9	Tangsinuo	QB3	QB3
967	85.107	#f7eea9	Tangsinuo	QB3	QB3
968	84.968	#f7eea9	Tangsinuo	QB3	QB3
969	84.83	#f7eea9	Tangsinuo	QB3	QB3
970	84.691	#f7eea9	Tangsinuo	QB3	QB3
971	84.553	#f7eea9	Tangsinuo	QB3	QB3
972	84.421	#f7eea9	Tangsinuo	QB3	QB3
973	84.317	#f7eea9	Tangsinuo	QB3	QB3
974	84.213	#f7eea9	Tangsinuo	QB3	QB3
975	84.109	#f7eea9	Tangsinuo	QB3	QB3
976	84.005	#f7eea9	Tangsinuo	QB3	QB3
977	83.901	#f7eea9	Tangsinuo	QB3	QB3
978	83.798	#f7eea9	Tangsinuo	QB3	QB3
979	83.694	#f7eea9	Tangsinuo	QB3	QB3
980	83.59	#f7eea9	Tangsinuo	QB3	QB3
981	83.486	#f7eea9	Tangsinuo	QB3	QB3
982	83.382	#f7eea9	Tangsinuo	QB3	QB3
983	83.278	#f7eea9	Tangsinuo	QB3	QB3
984	83.187	#f7eea9	Tangsinuo	QB3	QB3
985	83.098	#f7eea9	Tangsinuo	QB3	QB3
986	83.009	#f7eea9	Tangsinuo	QB3	QB3
987	82.92	#f7eea9	Tangsinuo	QB3	QB3
988	82.821	#f7eea9	Tangsinuo	QB3	QB3
989	82.711	#f7eea9	Tangsinuo	QB3	QB3
990	82.6	#f7eea9	Tangsinuo	QB3	QB3
991	82.489	#f7eea9	Tangsinuo	QB3	QB3
992	82.378	#f7eea9	Tangsinuo	QB3	QB3
993	82.268	#f7eea9	Tangsinuo	QB3	QB3
994	82.157	#f7eea9	Tangsinuo	QB3	QB3
995	82.046	#f7eea9	Tangsinuo	QB3	QB3
996	81.935	#f7eea9	Tangsinuo	QB3	QB3
997	81.824	#f7eea9	Tangsinuo	QB3	QB3
998	81.668	#f7eea9	Tangsinuo	QB3	QB3
999	81.512	#f7eea9	Tangsinuo	QB3	QB3
1000	81.357	#f7eea9	Tangsinuo	QB3	QB3
1001	81.201	#f7eea9	Tangsinuo	QB3	QB3
1002	81.045	#f7eea9	Tangsinuo	QB3	QB3
1003	80.889	#f7eea9	Tangsinuo	QB3	QB3
1004	80.734	#f7eea9	Tangsinuo	QB3	QB3
1005	80.578	#f7eea9	Tangsinuo	QB3	QB3
1006	80.422	#f7eea9	Tangsinuo	QB3	QB3
1007	80.266	#f7eea9	Tangsinuo	QB3	QB3
1008	80.111	#f7eea9	Tangsinuo	QB3	QB3
1009	79.955	#f7eea9	Tangsinuo	QB3	QB3
1010	79.799	#f7eea9	Tangsinuo	QB3	QB3
1011	79.643	#f7eea9	Tangsinuo	QB3	QB3
1012	79.488	#f7eea9	Tangsinuo	QB3	QB3
1013	79.332	#f7eea9	Tangsinuo	QB3	QB3
1014	79.176	#f7eea9	Tangsinuo	QB3	QB3
1015	79.02	#f7eea9	Tangsinuo	QB3	QB3
1016	78.865	#f7eea9	Tangsinuo	QB3	QB3
1017	78.709	#f7eea9	Tangsinuo	QB3	QB3
1018	78.553	#f7eea9	Tangsinuo	QB3	QB3
1019	78.397	#f7eea9	Tangsinuo	QB3	QB3
1020	78.242	#f7eea9	Tangsinuo	QB3	QB3
1021	78.086	#f7eea9	Tangsinuo	QB3	QB3
1022	77.93	#f7eea9	Tangsinuo	QB3	QB3
1023	77.774	#f7eea9	Tangsinuo	QB3	QB3
1024	77.619	#f7eea9	Tangsinuo	QB3	QB3
1025	77.463	#f7eea9	Tangsinuo	QB3	QB3
1026	77.307	#f7eea9	Tangsinuo	QB3	QB3
1027	77.151	#f7eea9	Tangsinuo	QB3	QB3
1028	76.953	#f7eea9	Tangsinuo	QB3	QB3
1029	76.745	#f7eea9	Tangsinuo	QB3	QB3
1030	76.538	#f7eea9	Tangsinuo	QB3	QB3
1031	76.33	#f7eea9	Tangsinuo	QB3	QB3
1032	76.122	#f7eea9	Tangsinuo	QB3	QB3
1033	75.915	#f7eea9	Tangsinuo	QB3	QB3
1034	75.707	#f7eea9	Tangsinuo	QB3	QB3
1035	75.499	#f7eea9	Tangsinuo	QB3	QB3
1036	75.292	#f7eea9	Tangsinuo	QB3	QB3
1037	75.084	#f7eea9	Tangsinuo	QB3	QB3
1038	74.876	#f7eea9	Tangsinuo	QB3	QB3
1039	74.644	#f7eea9	Tangsinuo	QB3	QB3
1040	74.387	#f7eea9	Tangsinuo	QB3	QB3
1041	74.13	#f7eea9	Tangsinuo	QB3	QB3
1042	73.872	#f7eea9	Tangsinuo	QB3	QB3
1043	73.615	#f7eea9	Tangsinuo	QB3	QB3
1044	73.358	#f7eea9	Tangsinuo	QB3	QB3
1045	73.101	#f7eea9	Tangsinuo	QB3	QB3
1046	72.844	#f7eea9	Tangsinuo	QB3	QB3
1047	72.587	#f7eea9	Tangsinuo	QB3	QB3
1048	72.33	#f7eea9	Tangsinuo	QB3	QB3
1049	72.073	#f7eea9	Tangsinuo	QB3	QB3
1050	71.816	#f7eea9	Tangsinuo	QB3	QB3
1051	71.558	#f7eea9	Tangsinuo	QB3	QB3
1052	71.296	#f7eea9	Tangsinuo	QB3	QB3
1053	71.019	#f7eea9	Tangsinuo	QB3	QB3
1054	70.742	#f7eea9	Tangsinuo	QB3	QB3
1055	70.465	#f7eea9	Tangsinuo	QB3	QB3
1056	70.188	#f7eea9	Tangsinuo	QB3	QB3
1057	69.911	#f7eea9	Tangsinuo	QB3	QB3
1058	69.627	#f7eea9	Tangsinuo	QB3	QB3
1059	69.34	#f7eea9	Tangsinuo	QB3	QB3
1060	69.052	#f7eea9	Tangsinuo	QB3	QB3
1061	68.765	#f7eea9	Tangsinuo	QB3	QB3
1062	68.477	#f7eea9	Tangsinuo	QB3	QB3
1063	68.19	#f7eea9	Tangsinuo	QB3	QB3
1064	67.902	#f7eea9	Tangsinuo	QB3	QB3
1065	67.615	#f7eea9	Tangsinuo	QB3	QB3
1066	67.269	#f7eea9	Tangsinuo	QB3	QB3
1067	66.853	#f7eea9	Tangsinuo	QB3	QB3
1068	66.438	#f7eea9	Tangsinuo	QB3	QB3
1069	66.023	#f7eea9	Tangsinuo	QB3	QB3
1070	65.613	#f7eea9	Tangsinuo	QB3	QB3
1071	65.301	#f7eea9	Tangsinuo	QB3	QB3
1072	64.99	#f7eea9	Tangsinuo	QB3	QB3
1073	64.623	#f7eea9	Tangsinuo	QB3	QB3
1074	64.207	#f7eea9	Tangsinuo	QB3	QB3
1075	63.792	#f7eea9	Tangsinuo	QB3	QB3
1076	63.377	#f7eea9	Tangsinuo	QB3	QB3
1077	63.014	#f7eea9	Tangsinuo	QB3	QB3
1078	62.668	#f7eea9	Tangsinuo	QB3	QB3
1079	62.322	#f7eea9	Tangsinuo	QB3	QB3
1080	61.976	#f7eea9	Tangsinuo	QB3	QB3
1081	61.643	#f7eea9	Tangsinuo	QB3	QB3
1082	61.311	#f7eea9	Tangsinuo	QB3	QB3
1083	60.979	#f7eea9	Tangsinuo	QB3	QB3
1084	60.647	#f7eea9	Tangsinuo	QB3	QB3
1085	60.314	#f7eea9	Tangsinuo	QB3	QB3
1086	59.982	#f7eea9	Tangsinuo	QB3	QB3
1087	59.592	#f7eea9	Tangsinuo	QB3	QB3
1088	59.176	#f7eea9	Tangsinuo	QB3	QB3
1089	58.761	#f7eea9	Tangsinuo	QB3	QB3
1090	58.346	#f7eea9	Tangsinuo	QB3	QB3
1091	57.93	#f7eea9	Tangsinuo	QB3	QB3
1092	57.555	#f7eea9	Tangsinuo	QB3	QB3
1093	57.199	#f7eea9	Tangsinuo	QB3	QB3
1094	56.843	#f7eea9	Tangsinuo	QB3	QB3
1095	56.487	#f7eea9	Tangsinuo	QB3	QB3
1096	56.225	#f7eea9	Tangsinuo	QB3	QB3
1097	56.225	#f7eea9	Tangsinuo	QB3	QB3
1098	56.225	#f7eea9	Tangsinuo	QB3	QB3
1099	56.225	#f7eea9	Tangsinuo	QB3	QB3
1100	56.225	#f7eea9	Tangsinuo	QB3	QB3
